开发,2131
熟悉,1913
PYTHON,1482
经验,1356
工作,917
工程师,915
职位,819
优先,781
描述,741
技术,715
软件,701
职能,651
类别,650
负责,636
系统,632
设计,591
相关,590
要求,550
以上,548
使用,520
数据库,505
框架,499
LINUX,488
WEB,486
项目,470
良好,469
MYSQL,388
熟练,374
团队,371
了解,369
任职,342
学习,335
精通,329
编程,325
语言,323
DJANGO,323
公司,322
产品,320
进行,319
代码,309
数据,308
岗位职责,305
平台,302
优化,291
分析,286
参与,286
具备,285
关键字,284
爬虫,284
沟通,274
以上学历,259
维护,259
编写,258
互联网,251
具有,250
算法,246
完成,243
文档,238
需求,232
高级,229
常用,221
测试,214
应用,206
网络,204
专业,202
REDIS,202
模块,199
业务,196
软件开发,194
熟练掌握,191
运维,188
本科,182
研发,182
FLASK,179
掌握,177
合作,175
架构,175
至少,173
岗位,166
MONGODB,166
一种,165
独立,164
环境,157
问题,155
后台,154
如,154
性能,154
一定,151
以及,151
实现,150
精神,150
根据,148
服务,144
JAVA,138
工具,137
自动化,136
其他,135
较强,135
后端,134
习惯,133
在,133
CSS,131
JAVASCRIPT,130
考虑,129
操作系统,127
基础,125
管理,125
提供,124
抓取,124
解决,123
HTML,123
计算机,121
编码,121
新,120
开源,115
协议,113
计算机相关,113
为,112
前端,111
功能,108
SQL,108
解决问题,107
SHELL,107
处理,106
HTTP,105
责任心,101
C++,101
原理,99
部署,99
理解,97
数据结构,97
各种,95
协作,95
大数据,95
基本,94
服务器,94
资格,93
高,92
压力,92
网站,92
GIT,91
基于,89
扎实,87
实际,87
下,85
规范,83
流程,83
脚本,83
网页,83
机器,83
云,82
游戏,81
NOSQL,81
意识,80
质量,80
职责,79
任务,79
快速,78
主流,77
核心,77
服务端,77
知识,77
你,76
POSTGRESQL,76
过,74
PHP,74
优秀,73
善于,72
多线程,72
员工,71
接口,70
包括,70
分布式,70
API,70
研究,69
常见,68
数据挖掘,68
架构设计,68
调优,68
C,68
数据分析,67
福利,66
培训,66
采集,66
拥有,65
调试,65
关系,65
搭建,64
型,64
ODOO,64
NGINX,64
UNIX,63
JQUERY,63
数据处理,61
库,61
会,60
承受,59
行业,59
提升,59
承担,59
安全,59
多,58
领域,57
信息,57
持续,57
配置,57
一年,57
方案,57
编程语言,56
逻辑,56
协助,56
方面,56
实施,56
操作,55
程序,55
监控,55
存储,55
大型,55
OPENSTACK,55
热爱,54
计算,54
配合,54
TCP,54
完善,53
策略,52
两年,52
用户,51
发展,51
风格,51
DOCKER,51
JS,50
过程,49
HADOOP,49
加,48
活动,48
RESTFUL,47
设计模式,46
阅读,46
金融,46
责任感,44
较好,44
SCRAPY,44
服务器端,43
各类,43
带薪,43
组件,43
积极,42
运营,42
模型,42
专业本科,41
改进,41
技能,41
清晰,41
大专,41
APP,41
英文,40
分项,40
WITH,40
前端开发,39
其中,39
深入,39
制定,38
MVC,38
IP,38
自己,37
方法,37
大规模,37
需要,37
海量,37
正则表达式,37
挖掘,37
主要,37
运用,37
相应,37
解决方案,37
A,37
EXPERIENCE,37
SOCKET,37
一金,36
分布式系统,36
集群,36
一个,36
整合,36
数学,36
通过,36
丰富,35
效率,35
功能模块,35
毕业,35
多种,35
部门,35
单元测试,35
进程,35
标准,35
旅游,35
AJAX,35
大,34
缓存,34
内容,34
构建,34
三年,34
自我,34
驱动,34
脚本语言,34
OPENERP,34
结构,33
以下,33
所,33
内部,33
地点,33
NUMPY,33
XPATH,33
其,32
节日,32
软件工程,32
好,32
SPARK,32
五险,31
日常,31
稳定,31
一门,31
讨论,31
计划,31
管理员,31
类,31
企业,31
PANDAS,31
GITHUB,31
第三方,30
面向对象,30
思想,30
方向,30
提出,30
各,30
深度,30
乐于,30
自学能力,30
统计,30
机会,30
ERP,30
SERVER,30
人,29
基础知识,29
逻辑思维,29
以,29
个人,29
规划,29
非,29
抽取,29
常用命令,29
协调,29
通信,29
二次开发,29
按照,29
技术支持,28
建设,28
薪资,28
客户,28
命令,28
稳定性,28
创新,28
评估,28
APACHE,28
版本,27
识别,27
实践,27
其它,27
人员,27
您,27
简单,27
HTML5,27
GO,27
兴趣,26
页面,26
解析,26
组织,26
支持,26
条件,26
异步,26
思维,26
端,26
高效,26
高度,25
管理工具,25
双休,25
清洗,25
号,25
提高,25
经历,25
英语,25
集成,25
撰写,25
智能,25
愿意,25
量化,25
开发技术,25
时间,25
积极主动,25
空间,25
主动,24
任意,24
办公,24
程序开发,24
思考,24
网络协议,24
认真,24
．,24
交付,24
链,24
硬件,24
按时,24
一起,24
管理系统,24
额外,24
接受,24
DEVELOPMENT,24
MEMCACHED,24
BOOTSTRAP,24
SVN,24
体检,23
补贴,23
完整,23
调度,23
请,23
较大,23
执行,23
表达能力,23
／,23
保证,23
经理,23
高质量,23
国家,23
COM,23
从事,23
挑战,23
薪酬,23
★,23
成长,23
优势,23
SELENIUM,23
扩展,22
现有,22
功底,22
移动,22
职业,22
追求,22
PY,22
分,22
态度,22
比如,22
虚拟化,22
运行,22
严谨,22
区块,22
背景,22
产品开发,22
RABBITMQ,22
WINDOWS,22
ANSIBLE,22
KNOWLEDGE,22
HBASE,22
BUG,22
发布,21
定期,21
周末,21
交互,21
地址,21
全日制,21
多媒体,21
奖金,21
详细,21
敏捷,21
攻关,21
自主,21
关系数据库,21
激情,21
体系,21
法定,21
队列,21
JSON,21
MEMCACHE,21
TWISTED,21
GOLANG,21
SQLSERVER,21
调研,20
建模,20
做,20
访问,20
爬取,20
通讯,20
热情,20
投资,20
指导,20
自然语言,20
地,20
加入,20
SKILLS,20
模式,19
但,19
限于,19
后,19
机制,19
指定,19
技术难题,19
部分,19
建立,19
于,19
按,19
结果,19
语句,19
软件测试,19
主动性,19
重构,19
硕士,19
去,19
如果,19
计算机软件,19
效果,19
深刻理解,19
安排,19
同事,19
让,19
PYSPIDER,19
文本,18
消息,18
跟踪,18
同时,18
更佳,18
设备,18
联网,18
科技,18
设计师,18
较,18
用,18
了,18
到,18
晋升,18
钻研,18
来,18
REST,18
AWS,18
KAFKA,18
高性能,17
发现,17
体验,17
合理,17
程序设计,17
团队精神,17
遇到,17
探索,17
结构化,17
逻辑性,17
个,17
测试用例,17
建议,17
电商,17
难点,17
书写,17
生产,17
学历,17
创业,17
最,17
也,17
待遇,17
基金,17
CODE,17
XML,17
SQLALCHEMY,17
抗压,16
目标,16
从,16
统招,16
交流,16
前后,16
整理,16
容器,16
技术开发,16
修复,16
竞争力,16
氛围,16
复杂,16
福利待遇,16
想法,16
学员,16
LUA,16
人才,15
课程,15
动态,15
命名,15
免费,15
升级,15
踏实,15
应用程序,15
基本操作,15
利用,15
IS,15
确保,15
报告,15
支付,15
规定,15
节假日,15
需,15
FOR,15
北京,15
规则,15
表达,15
弹性,15
目前,15
WEBSERVER,15
IMIO,15
B,15
BE,15
S,15
ELASTICSEARCH,15
PERL,15
SCIPY,15
招聘,14
理解能力,14
作为,14
教学,14
展示,14
搜索,14
实时,14
UDP,14
人工智能,14
推动,14
修改,14
电子,14
产品设计,14
录用,14
物,14
ON,14
C#,14
开放,14
R,14
要,14
适应,14
最好,14
享有,14
软件设计,14
DATA,14
存在,14
定制,14
迭代,14
成员,14
全栈,14
保障,14
共同,14
补助,14
想,14
登录,14
报表,14
销售,14
视为,14
DESIGN,14
RUBY,14
GEVENT,14
绩效奖金,13
微信,13
带领,13
充分,13
该,13
社区,13
大学本科,13
线上,13
反馈,13
更,13
故障,13
开发进度,13
场景,13
一,13
决策,13
都,13
辅助,13
加班,13
活跃,13
开发者,13
表,13
工程,13
市场,13
风险,13
进,13
月,13
业界,13
任何,13
工资,13
生日,13
简历,13
诱惑,13
领导,13
进度,13
面试,13
帮助,13
私募,13
全球,13
SOFTWARE,13
UNDERSTANDING,13
TENSORFLOW,13
情况,12
知名,12
说明,12
通用,12
欲望,12
工作制,12
比较,12
入库,12
更新,12
博客,12
功能设计,12
例如,12
海外,12
生活,12
阿里,12
评审,12
实战经验,12
针对,12
重,12
保险,12
CSS3,12
原则,12
推荐,12
执行力,12
专注,12
且,12
富有,12
OOP,12
各个,12
控制,12
教育,12
参加,12
网络通信,12
至,12
舒适,12
购买,12
COOKIE,12
包,12
分类,12
银行,12
程序员,12
拓展,12
SCRIPT,12
NODE,12
MONGO,12
STRONG,12
SERVICE,12
JOB,12
BASH,12
REQUESTS,12
HIVE,12
常规,11
院校,11
元,11
授课,11
关注,11
语法,11
式,11
MQ,11
引擎,11
本,11
爬,11
小时,11
查询,11
做过,11
之一,11
限,11
概念,11
测试工具,11
任务分配,11
二,11
提取,11
瓶颈,11
方式,11
二年,11
TEAM,11
身体健康,11
流行,11
满足,11
外,11
做事,11
缺陷,11
内,11
源代码,11
世界,11
充满,11
特别,11
毕业生,11
专科,11
成熟,11
响应,11
安全性,11
聚餐,11
方案设计,11
文化,11
就,11
健康,11
投递,11
激励,11
类库,11
欢迎,11
PC,11
JENKINS,11
GOOD,11
REQUIREMENTS,11
NODEJS,11
输出,10
已有,10
立即,10
重视,10
语音,10
IT,10
总结,10
多个,10
零食,10
安装,10
底层,10
定位,10
排查,10
多项,10
保持,10
交办,10
端的,10
客户端,10
注重,10
站,10
SUCH,10
比较复杂,10
敏感,10
交易,10
细致,10
认真负责,10
感兴趣,10
国内,10
敬业精神,10
LANGUAGE,10
应届,10
项目经理,10
勇于,10
嵌入式,10
数据模型,10
微,10
资料,10
享受,10
交通,10
服务平台,10
挑战性,10
获得,10
WWW,10
如何,10
讲师,10
广阔,10
插件,10
聚类,10
期权,10
重要,10
构架,10
WORK,10
YOU,10
OPEN,10
NUTCH,10
REVIEW,10
ZABBIX,10
DEVOPS,10
WEBSOCKET,10
OPENCV,10
ANGULARJS,10
迅速,9
素养,9
擅长,9
主导,9
端系统,9
全面,9
过滤,9
更好,9
负载,9
类型,9
本科学历,9
计算机网络,9
测试环境,9
线,9
非常,9
训练,9
抓包,9
公积金,9
科学计算,9
深圳,9
WILL,9
COMMUNICATION,9
思路,9
左右,9
动手,9
路,9
命令行,9
TEST,9
应对,9
电子商务,9
级,9
关键,9
经验丰富,9
事业,9
提交,9
应用软件,9
广州,9
模拟,9
地铁,9
午餐,9
主要职责,9
绩效,9
希望,9
优秀员工,9
资源,9
单元,9
L,9
一家,9
网络安全,9
梦想,9
信息安全,9
还,9
索引,9
六险,9
所有,9
气象,9
航空,9
CENTOS,9
WE,9
PYTHON2,9
KVM,9
IOS,9
CLOUDSTACK,9
WEBSERVICE,9
ZOOKEEPER,9
WSGI,9
IO,9
PYQT,9
支撑,8
技巧,8
具体,8
预研,8
在线,8
公众,8
规范化,8
存储系统,8
软件系统,8
各项,8
双薪,8
参数,8
交换机,8
知道,8
NLP,8
计算机专业,8
选型,8
性,8
社保,8
层,8
号线,8
YEARS,8
THAT,8
AN,8
LEARN,8
为佳,8
除,8
耐心,8
数据库系统,8
面向对象编程,8
四级,8
社会保险,8
LXML,8
开发计划,8
UI,8
必要,8
时,8
测试人员,8
文件,8
调整,8
先进,8
软件产品,8
结合,8
理论,8
编程技术,8
达到,8
信息技术,8
制度,8
正常,8
注释,8
下午茶,8
生育,8
礼品,8
经费,8
分配,8
成为,8
做好,8
病假,8
产假,8
给予,8
手机,8
检测,8
指标,8
水果,8
喜欢,8
奖励,8
企业级,8
搜索引擎,8
推广,8
国际,8
商业,8
变更,8
致力于,8
难题,8
只要,8
图像,8
神经网络,8
严格,8
成功,8
遥感,8
XHTML,8
PAAS,8
H5,8
WORKING,8
UBUNTU,8
SPRING,8
DB2,8
RPC,8
RESPONSIBILITIES,8
VUE,8
EXCELLENT,8
STACK,8
LUCENE,8
SSH,8
REACT,8
VIM,8
ECLIPSE,8
OAUTH,8
VMWARE,8
SQLITE,8
HAVE,8
MARIADB,8
SALTSTACK,8
SAAS,8
适当,7
思路清晰,7
浓厚,7
贡献者,7
国内外,7
极强,7
准确,7
原型,7
特征,7
基础设施,7
V,7
从业,7
全职,7
运,7
维和,7
贡献,7
防,7
开放平台,7
落地,7
实战,7
均衡,7
收集,7
行为,7
丰厚,7
周期,7
懂得,7
网络设备,7
防火墙,7
MQTT,7
说明书,7
AI,7
获取信息,7
路线,7
协程,7
深圳市,7
ETC,7
CMDB,7
报警,7
五天,7
正规,7
日志,7
进取心,7
数据管理,7
心态,7
沟通交流,7
广州市,7
富于,7
营销,7
认识,7
ARE,7
结构设计,7
开发方式,7
读写,7
工作效率,7
专业技能,7
价值,7
体系结构,7
水平,7
项目管理,7
BI,7
深刻,7
程序代码,7
代理,7
给,7
控制软件,7
驱动力,7
取,7
敢于,7
尝试,7
进步,7
协同工作,7
期待,7
医疗保险,7
婚假,7
羽毛球,7
增强,7
状态,7
特性,7
创造力,7
站点,7
CASSANDRA,7
开发工具,7
测试计划,7
大厦,7
汽车,7
资深,7
基本工资,7
领先,7
ENGLISH,7
信息检索,7
北京市,7
意见,7
开发人员,7
优缺点,7
回归,7
仿真,7
作品,7
制作,7
渠道,7
创始人,7
成立,7
业务流程,7
风控,7
分布式计算,7
来自,7
TECHNOLOGIES,7
重点,7
创造,7
系统软件,7
模板,7
PROCESS,7
BUSINESS,7
控系统,7
MANGODB,7
SERVICES,7
PLUS,7
BLOCKCHAIN,7
ELK,7
BASIC,7
WEBPY,7
TECHNOLOGY,7
CLIENT,7
EDUCATION,7
DEVELOPER,7
E,7
FRAMEWORK,7
CEPH,7
HR,7
REQUIRED,7
ABLE,7
DESCRIPTION,7
STORM,7
降低,6
紧密,6
整体,6
灵活运用,6
推荐奖,6
化,6
卓越,6
函数,6
SCALA,6
微博,6
账号,6
前沿技术,6
高可用性,6
验证码,6
冗余,6
率低,6
办公室,6
导向,6
创新能力,6
关键问题,6
内存,6
基本原理,6
手游,6
配置管理,6
数据系统,6
OA,6
跟进,6
一项,6
模式识别,6
专业知识,6
竞赛,6
匹配,6
DNS,6
流,6
两个,6
应届生,6
网络服务,6
种,6
住房,6
带,6
实践经验,6
接入,6
广场,6
SOAP,6
SYSTEMS,6
无,6
几种,6
浏览器,6
定义,6
划分,6
系统管理,6
易,6
所属,6
做出,6
公司员工,6
必须,6
加密算法,6
C语言,6
请求,6
LNMP,6
攻克,6
此,6
审查,6
HIGH,6
如下,6
任务调度,6
高强度,6
整个,6
联系,6
编译,6
打造,6
一流,6
POSTGRES,6
符合,6
读写能力,6
咨询,6
屏蔽,6
碰到,6
次,6
虚拟,6
路由器,6
WEBMAGIC,6
初级,6
审核,6
涉及,6
传输,6
乐趣,6
员工福利,6
便利,6
入职,6
团建,6
客户服务,6
反,6
亚马逊,6
外出,6
全勤奖,6
售前,6
关于,6
俱乐部,6
数码城,6
电话,6
尤佳,6
策划,6
谱,6
版本控制,6
优良,6
这里,6
警报,6
一位,6
人性化,6
缴纳,6
查出,6
编制,6
基本知识,6
控,6
直接,6
产生,6
已,6
物理,6
其余,6
CN,6
K,6
就业,6
专家,6
CMS,6
应急,6
给出,6
资质,6
更加,6
系统优化,6
理念,6
医疗,6
TDD,6
自动,6
设置,6
找到,6
爱,6
ETL,6
大家,6
放松,6
综合,6
漏洞,6
搜,6
礼物,6
输入法,6
未来,6
自由,6
分钟,6
机构,6
CEO,6
采用,6
相信,6
什么,6
LOGIC,6
FRONT,6
END,6
前景,6
风,6
他们,6
卫星,6
机器人,6
●,6
CELERY,6
CAFFE,6
GITLAB,6
EXTJS,6
RESTFULAPI,6
OBJECT,6
AGILE,6
FULL,6
UWSGI,6
NET,6
FOLLOWING,6
PUPPET,6
D,6
MONGDB,6
PYTHONWEB,6
FLOW,6
ZEROMQ,6
SYSTEM,6
DEVELOP,6
CHERRYPY,6
MATLAB,6
MATPLOTLIB,6
PEP8,6
HTTPCLIENT,6
HTMLPARSER,6
THIS,6
NAGIOS,6
SNMP,6
餐饮,5
后续,5
积极向上,5
学生,5
培养,5
视频,5
讲师职位,5
一款,5
静态,5
知识结构,5
消重,5
角度,5
灵活,5
餐补,5
导入,5
导出,5
MSSQL,5
PYRAMID,5
诚实,5
内核,5
任,5
分析测试,5
含,5
积累,5
线程,5
图像处理,5
种子,5
CACHE,5
确定,5
DEBUG,5
保证系统,5
稳健,5
内部测试,5
班车,5
举行,5
台,5
模块化,5
智能化,5
信息管理,5
系统维护,5
AT,5
QUALITY,5
BACKEND,5
NEW,5
心理素质,5
文字,5
记录,5
系统分析,5
私有,5
基础架构,5
一线,5
研究生,5
制,5
任一,5
本科毕业,5
放宽,5
以太,5
坊,5
ETHEREUM,5
适合,5
出差,5
加分,5
擅于,5
触发器,5
关键技术,5
应用服务,5
联系电话,5
外派,5
ANALYSIS,5
CODING,5
DEGREE,5
UNIT,5
测试报告,5
远程,5
提供数据,5
亦可,5
大部分,5
工作岗位,5
接触,5
计算机科学,5
表达式,5
BASED,5
邮箱,5
出现,5
开,5
VPN,5
系统监控,5
懂,5
CS,5
调,5
优等,5
手册,5
备注,5
阶段,5
素质,5
需求方,5
用法,5
祝贺,5
金,5
棋牌,5
案例,5
售后,5
选择,5
优秀者,5
理想,5
股权,5
位于,5
宿舍,5
协同,5
靠,5
当,5
调用,5
同步,5
养老保险,5
工伤保险,5
失业,5
外部,5
咖啡,5
出色,5
公司地址,5
科学,5
系统安全,5
设计方案,5
近,5
围绕,5
发挥,5
休闲,5
这些,5
向,5
整洁,5
活力,5
大学,5
BLOG,5
无障碍,5
自我管理,5
功能测试,5
带薪休假,5
生日会,5
供应,5
出口,5
三,5
客服,5
一站式,5
解,5
耦,5
总监,5
BOTH,5
WRITTEN,5
FAMILIAR,5
求知欲,5
大型项目,5
存储技术,5
乐观,5
传统,5
学校,5
注,5
重组,5
HERITRIX,5
两种,5
分布式文件系统,5
勤于思考,5
支持系统,5
优质,5
自身,5
一次,5
三层,5
运行机制,5
前瞻,5
改善,5
动画,5
界面,5
常用软件,5
依据,5
极客,5
腾讯,5
均,5
按量,5
全部,5
硅谷,5
大牛,5
发放,5
足球,5
WORDPRESS,5
他,5
软件技术,5
确认,5
百万,5
预计,5
现场,5
系统集成,5
单位,5
事情,5
战略,5
主页,5
决策树,5
ACTIVEMQ,5
理工科,5
户外,5
路由,5
SOLUTIONS,5
合作伙伴,5
BR,5
亲和力,5
助力,5
个人成长,5
范围,5
看,5
说,5
用例,5
财务,5
BY,5
APPLICATION,5
APPLICATIONS,5
USER,5
郑州市,5
DEVELOPING,5
伙伴,5
改变,5
破解,5
一切,5
数量,5
MOPAAS,5
创智,5
日,5
GUNICORN,5
HAPROXY,5
WHAT,5
ABILITY,5
POWERSHELL,5
CANDIDATE,5
EXCEPTIONAL,5
COMPUTER,5
SCIENCE,5
DRIVE,5
GOOGLE,5
SELECTOR,5
REACTJS,5
ERLANG,5
BOTTLE,5
SDK,5
QUALIFICATIONS,5
SOLR,5
MAYA,5
PYCHARM,5
MAVEN,5
PYLONS,5
FUNCTIONS,5
PRODUCT,5
USE,5
ENGINEER,5
IAAS,5
LARAVEL,5
JIRA,5
WXPYTHON,5
CNN,5
YOUR,5
PROFESSIONAL,5
CREATE,5
SUPPORT,5
EXCEL,5
ENGINEERING,5
PGSQL,5
KUBERNETES,5
WRITING,5
PROFILE,5
BOOST,5
WPS,5
PYTHON3,5
融入,4
细节,4
用于,4
条件者,4
流量,4
课程体系,4
PHOTOSHOP,4
ILLUSTRATOR,4
性质,4
子,4
编辑,4
伪,4
社交,4
某个,4
核心技术,4
研究成果,4
官网,4
下午,4
饮料,4
着,4
OO,4
未知,4
服务程序,4
为了,4
改造,4
佳,4
细心,4
敏感度,4
发行版,4
SUBLIME,4
文本编辑,4
器,4
IDE,4
MEMECACHED,4
拆分,4
严格要求,4
语义,4
严密,4
突出,4
归纳,4
垂直,4
链接,4
特点,4
DOM,4
分发,4
拟写,4
WIN7,4
用户文档,4
工业,4
集团,4
浦江,4
号楼,4
WHERE,4
ENVIRONMENT,4
PROJECT,4
OUR,4
原有,4
权限,4
设计规范,4
页,4
游,4
交易平台,4
浓厚兴趣,4
RDBMS,4
齐全,4
东莞,4
纵向,4
ROBOTFRAMEWORK,4
股票,4
比特,4
币,4
供,4
宣传,4
生产流程,4
网络通讯,4
CTO,4
视图,4
爱好,4
通道,4
转,4
名,4
ANALYTICAL,4
MIND,4
PROGRAMMING,4
THREADING,4
测试数据,4
积极进取,4
SES,4
本地,4
串口,4
PLAN,4
大中型,4
指令,4
技术水平,4
人脸识别,4
临时,4
知识库,4
错误,4
NGNIX,4
浦东新区,4
楼,4
地铁站,4
自学,4
为主,4
数理统计,4
教研,4
缜密,4
数据分析系统,4
安卓,4
HORIZON,4
技术创新,4
布署,4
遵守,4
验证,4
质量标准,4
好学,4
专员,4
类产品,4
件,4
广东,4
电,4
流式,4
休息,4
乐意,4
栈,4
加固,4
找出,4
安全漏洞,4
文件系统,4
礼金,4
公平,4
讲解,4
跟,4
创建,4
数字,4
毅力,4
获取,4
订单,4
职员,4
举办,4
奖,4
AMAZON,4
MAPREDUCE,4
公共,4
那,4
已经,4
认同,4
这个,4
感觉,4
这,4
产品质量,4
电影,4
FALCON,4
优美,4
大道,4
实验室,4
大量,4
欢乐,4
再也,4
健身房,4
文化氛围,4
节点,4
思维能力,4
B2C,4
自研,4
生态,4
探讨,4
室,4
通知,4
信息提取,4
两次,4
四,4
著名,4
超过,4
亿元,4
人民币,4
多人,4
职场,4
昆山,4
工科,4
语言表达,4
热衷于,4
轻松,4
WITHIN,4
PROFICIENT,4
CIENET,4
项目风险,4
CONTAINER,4
独立思考,4
遵循,4
AMQP,4
零,4
新人,4
岗前,4
期间,4
贺礼,4
SDN,4
测试方法,4
教学大纲,4
招生,4
海淀区,4
架设,4
属性,4
广告,4
之间,4
长期,4
KEY,4
渗透,4
大神,4
过硬,4
同,4
源码,4
发送至,4
折腾,4
执着,4
主题,4
总部,4
在线教育,4
积极参与,4
个性化,4
图像识别,4
认真细致,4
汇总,4
GENERATOR,4
实力,4
除了,4
努力,4
还有,4
附上,4
出,4
MPP,4
客制化,4
使,4
回报,4
发行,4
调薪,4
由,4
实习生,4
潜力,4
牛,4
成本,4
智慧,4
城市,4
最终,4
品行端正,4
经营,4
资金,4
用餐,4
心情,4
生日礼物,4
当月,4
聚会,4
融洽,4
组长,4
多元化,4
人品,4
端午节,4
酒店,4
周边,4
诸如,4
比,4
组,4
持股,4
软硬件,4
间,4
前,4
演进,4
类似,4
旅行,4
平安,4
架构师,4
百度,4
名称,4
标准化,4
SCRIPY,4
预处理,4
ENVIRONMENTS,4
PRINCIPLES,4
SOURCE,4
VERBAL,4
BATCH,4
VAGRANT,4
CI,4
IMPROVE,4
PERFORMANCE,4
前瞻性,4
辅导,4
易链,4
基本功,4
热门,4
功力,4
科研,4
认知,4
实行,4
一系列,4
补充,4
痴迷,4
清楚,4
现金,4
战斗力,4
顾问,4
一批,4
另外,4
正直,4
没有,4
没,4
只,4
心电,4
SVM,4
生物,4
面谈,4
FORTRAN,4
工作者,4
公用,4
网络游戏,4
CRM,4
东路,4
JMETER,4
RESPONSIBLE,4
BETWEEN,4
ALL,4
FROM,4
DEVELOPERS,4
REVIEWS,4
PEP,4
ONE,4
MULTIPLE,4
想要,4
郑州,4
生成,4
之,4
NEEDS,4
OTHER,4
概要,4
转换,4
鼓励,4
以外,4
网迅,4
趴,4
月工资,4
越,4
授权,4
反爬,4
法律,4
午休,4
流媒体,4
时候,4
报销,4
自行,4
实报实销,4
利益,4
越是,4
监督,4
品牌,4
气象卫星,4
操作命令,4
GAME,4
肯,4
期望,4
新加坡,4
STUDENT,4
报名,4
社招,4
标注,4
时代,4
这样,4
必要条件,4
行政,4
OCR,4
ADAM,4
STACKOVERFLOW,4
SUCCESSFUL,4
ELASTIC,4
CACTI,4
DEBIAN,4
XEN,4
CDN,4
T,4
CARE,4
CUSTOMER,4
EXPRESS,4
HANDS,4
BANKING,4
MUST,4
SOLID,4
BITBUCKET,4
QUALIFICATION,4
HDFS,4
SELF,4
OPERATING,4
YII,4
SKLEARN,4
OPENFLOW,4
SUPERVISOR,4
VERIFICATION,4
BS,4
ACTIVE,4
CHINESE,4
TECHNICAL,4
SCRIPTING,4
QUICK,4
TELNET,4
SO,4
PHTHON,4
PRIMARY,4
LEVEL,4
EXPERT,4
COLLABORATION,4
MESSAGE,4
QUEUE,4
LEADER,4
F,4
WIFI,4
CHEF,4
CLOUD,4
GIT4,4
PASSION,4
FUTURE,4
POSITION,4
合作开发,3
见解,3
WEBPACK,3
随时,3
准备,3
项目组,3
引入,3
梳理,3
用户界面,3
视觉,3
界面风格,3
布局,3
AXURE,3
SKETCH,3
工程项目,3
今日,3
范式,3
PORTIA,3
正则,3
忠实,3
材料,3
经常,3
搜集,3
兼容性,3
原生,3
VUEJS,3
持续性,3
医学,3
意义,3
新闻,3
论坛,3
AOP,3
LVS,3
DB,3
技术细节,3
坚实,3
易用性,3
过关,3
成绩,3
规律,3
一本,3
网络应用,3
系统命令,3
一到,3
共同进步,3
工作日,3
工作餐,3
线路,3
获,3
直播,3
后期,3
通信协议,3
操作技能,3
消息中间件,3
浦江镇,3
LIBRARY,3
龙岗区,3
PYTHONJOB,3
STARTUP,3
RUNNING,3
LIVE,3
WRITE,3
FAST,3
PACED,3
PART,3
QUICKLY,3
MXNET,3
重大,3
曾经,3
网关,3
网游,3
M,3
个性,3
VSPHERE,3
深入研究,3
电脑,3
打卡,3
考核,3
健身,3
物体,3
DIV,3
疑难问题,3
公链,3
侧链,3
链及,3
应用层,3
合约,3
PLANBAR,3
BIM,3
土木工程,3
MES,3
主程,3
BEAUTIFUL,3
SOUP,3
正确,3
列表,3
三维重建,3
联系人,3
小姐,3
简洁,3
投,3
BEAUTIFULSOUP,3
问答,3
ESSENTIAL,3
PROBLEM,3
SOLVING,3
MULTI,3
ALGORITHMS,3
STRUCTURES,3
PATTERNS,3
PLAYER,3
RISK,3
TEAMS,3
开发方法,3
安防,3
手动,3
ROBOT,3
业务人员,3
营造,3
人数,3
预测,3
数据仓库,3
标签,3
虚拟机,3
点,3
实际操作,3
判断力,3
本职工作,3
交代,3
系统管理员,3
网络管理员,3
成,3
低,3
级别,3
工,3
根源,3
爱范儿,3
寻找,3
多名,3
CONTINUOUS,3
完备,3
国际化,3
MAC,3
面向对象分析,3
PATTERN,3
心理学,3
工作量,3
单,3
录取,3
技术培训,3
引导,3
意愿,3
闵行,3
SH,3
连续,3
易读,3
官方,3
单独,3
业务部门,3
求知,3
常用工具,3
平时,3
包含,3
SANIC,3
基者,3
萝,3
岗区,3
数据中心,3
离线,3
相对,3
大容量,3
PG,3
证券,3
饭补,3
安全事件,3
服务器程序,3
同样,3
晚餐,3
端游,3
定岗,3
累计,3
美味,3
津贴,3
结婚,3
场地,3
教学进度,3
互动,3
LAMP,3
货币,3
正,3
商品,3
岁,3
文娱活动,3
跨境,3
从优,3
排除,3
精英,3
优越,3
发展前景,3
加入者,3
人士,3
网址,3
栋,3
尽快,3
套利,3
程序化,3
队友,3
判断,3
告诉,3
觉得,3
性格开朗,3
问,3
系列,3
陪,3
丧假,3
出国,3
微波炉,3
专人,3
措施,3
层面,3
思考问题,3
新技能,3
休,3
玩法,3
生产力,3
耐压,3
超,3
娱乐,3
定向,3
多牛,3
传媒,3
多牛人,3
软,3
ML,3
开朗,3
观念,3
洁癖,3
职业规划,3
多种语言,3
全,3
供应链,3
童鞋,3
MMORPG,3
现在,3
会议,3
资源管理,3
应有尽有,3
升职,3
加薪,3
固定,3
烧烤,3
途径,3
介绍,3
跨国企业,3
苏州,3
武汉,3
代,3
金融类,3
服饰,3
京东,3
分布,3
普陀区,3
挂牌,3
股票代码,3
文本处理,3
相关性,3
合理要求,3
其所,3
负责人,3
部门经理,3
总经理,3
慰问,3
过节,3
愉快,3
底薪,3
业内,3
零售,3
SOLUTION,3
THINKING,3
AREAS,3
RESTAPI,3
工作作风,3
GUI,3
最少,3
第三,3
TESTCASE11,3
性格,3
一份,3
青年,3
实训,3
表现,3
生日派对,3
关怀,3
设有,3
便捷,3
环境优美,3
附近,3
当年,3
平均,3
构成,3
岗位津贴,3
宝贵,3
心声,3
动力,3
实习,3
LIBVIRT,3
好奇心,3
PYHON,3
学科,3
PPT,3
统一化,3
回测,3
面对,3
UML,3
补丁,3
FABRIC,3
求职者,3
SPHINX,3
龙岗,3
视,3
设施,3
精熟,3
最新,3
DYNAMODB,3
金融机构,3
券商,3
二级,3
IBM,3
招募,3
温馨,3
一群,3
向上,3
充满热情,3
人际沟通,3
规模,3
无论,3
相互,3
特征提取,3
迁移,3
勇于探索,3
突发,3
运算,3
情感,3
买房,3
户口,3
统计学,3
资讯,3
测序,3
积极性,3
安全监控,3
数据库安全,3
LUCENCE,3
SLOR,3
事件驱动,3
计算机硬件,3
SIMPY,3
主管,3
尤其,3
应聘者,3
健壮,3
排序,3
事物,3
新型,3
广告行业,3
开发新,3
环节,3
MEL,3
小,3
小组,3
区,3
猎芯网,3
PYDEV,3
SCIKIT,3
注意,3
投放,3
手机游戏,3
深厚,3
盈利,3
增长,3
一对一,3
高大,3
按质,3
往届,3
转行,3
TECH,3
三板,3
面向,3
进一步,3
金融交易,3
舞台,3
CICD,3
入内,3
技术手段,3
FPM,3
OWNER,3
公有,3
错误率,3
下列,3
直属,3
互,3
网页内容,3
工程化,3
节奏,3
专利,3
意外保险,3
新鲜,3
家属,3
促进,3
视野,3
功能性,3
生日礼品,3
歌,3
学士,3
环保,3
责任,3
丰富多彩,3
高薪,3
诚聘,3
火爆,3
巨大,3
前途,3
分红,3
凝聚力,3
元旦,3
晚会,3
情人节,3
携带,3
鸿德,3
高阶,3
搜狗,3
快速增长,3
正在,3
人群,3
前沿,3
八小时,3
勤奋,3
知识者,3
PROVIDE,3
ENGAGEMENT,3
EE,3
BACKGROUND,3
EDA,3
METHODOLOGY,3
独挡,3
一面,3
关联,3
增加,3
系统漏洞,3
项目前期,3
FLUME,3
发生,3
推进,3
ACM,3
机房,3
X,3
综合性,3
各大,3
信用,3
阿里巴巴,3
达成,3
徐汇区,3
虹,3
漕路,3
步行,3
选定,3
惊喜,3
神黄,3
休假,3
以人为本,3
顶尖,3
干净,3
得,3
扩展性,3
付诸实践,3
交易系统,3
联调,3
题目,3
住宿,3
方便,3
满,3
蛋糕,3
优惠政策,3
重用,3
密集型,3
I,3
优秀人才,3
创意,3
NOT,3
CONTROL,3
DRIVEN,3
TRADING,3
MARKETS,3
PROTOCOL,3
控制系统,3
电力,3
金桥,3
嵌入式软件,3
单片机,3
PLC,3
DSP,3
COAP,3
要点,3
TRAVIS,3
SOA,3
COMPONENTS,3
LIBRARIES,3
PROFICIENCY,3
ARCHITECTURE,3
电子信息,3
期,3
数,3
堡垒,3
机,3
做到,3
极致,3
会调,3
JINJA2,3
自豪,3
影响,3
初始,3
产出,3
一经,3
半年,3
骨干,3
助教,3
质检,3
依,3
一直,3
非凡,3
普瑞,3
亿科,3
体育,3
传授,3
储存,3
吃苦耐劳,3
潜在,3
查证,3
金币,3
具体情况,3
多样化,3
跨国,3
高速,3
会员,3
浦东,3
租房,3
职业道德,3
商用,3
高标准,3
测试代码,3
大树,3
据,3
GIT5,3
薪金,3
探亲假,3
当然,3
庆祝,3
发,3
多多,3
跨平台,3
RNN,3
初步,3
经典,3
序列,3
数据处理系统,3
库者,3
电力行业,3
电力系统,3
优厚,3
LOAD,3
RUNNER,3
人力资源,3
白盒,3
手写,3
LOOKING,3
USERS,3
SIDE,3
ELEMENTS,3
WELL,3
BACHELOR,3
EQUIVALENT,3
FAMILIARITY,3
流利,3
品位,3
多年,3
保密,3
宽松,3
避免,3
某,3
局限于,3
网络工程,3
细化,3
FLOWS,3
FUNCTIONAL,3
HELP,3
REGULAR,3
ACTIVITIES,3
VBA,3
MEMBERS,3
ABOUT,3
LIBEVENT,3
即可,3
罗湖,3
找,3
PMTS,3
控制台,3
PY2EXE,3
TK,3
桌面开发,3
明确,3
创作,3
老,3
司机,3
容易,3
覆盖,3
宝宝,3
担心,3
玩,3
革命,3
攻坚,3
因素,3
MAKO,3
开发包,3
约,3
组建,3
UNITTEST,3
适时,3
前段,3
验签,3
评分,3
计算机系统,3
RDD,3
MR,3
NEAR,3
REALTIME,3
数据流,3
详情,3
NLTK,3
险,3
周一,3
周五,3
柜台,3
手持,3
自助,3
应用服务器,3
管理工作,3
下载,3
LARBIN,3
JSOUP,3
代码优化,3
AWK,3
业绩,3
多少,3
这是,3
只会,3
吹牛,3
质量奖,3
网购,3
须,3
最大,3
花园,3
早,3
完全,3
竞业禁止,3
任职期间,3
之外,3
程度,3
配件,3
刊登,3
投资人,3
美国,3
果实,3
坏,3
人们,3
领导力,3
GPIO,3
抽象,3
ELASTICSERCH,3
投研,3
则,3
四年,3
投入,3
自有,3
STRUTS,3
HIBERNATE,3
MAIN,3
风云,3
日本,3
葵花,3
MODIS,3
一体化,3
在读,3
手,3
地区,3
ENGINE,3
≥,3
聚合,3
制造,3
态度端正,3
合家,3
转化,3
DAOCLOUD,3
贝叶斯,3
地位,3
处于,3
DELIVERING,3
LEARNING,3
ACCESS,3
STRUCTURE,3
ALGORITHM,3
DUTIES,3
诚邀,3
合,3
社群,3
加密,3
金融信息,3
HEFUPB,3
轮子,3
软件包,3
AIX,3
志同道合,3
REVIEWBOARD,3
BUGZILLA,3
销售额,3
ANGULAR,3
某种,3
RUST,3
删除,3
WAP,2
反映,2
汇报,2
SAM,2
担当,2
FINTECH,2
月薪,2
效果图,2
主次,2
版面,2
ICON,2
绘制,2
动向,2
班级,2
专业课程,2
录制,2
FUL,2
加载,2
头条,2
信息源,2
图形化,2
LIKE,2
W3C,2
CORS,2
PROXY5,2
用过,2
嗅探,2
WIRESHARK,2
CHARLES,2
FIDDLER,2
纯,2
渲染,2
表示,2
运作,2
机理,2
PHANTOMJS,2
SPLASH,2
RQ,2
SCHEDULER,2
AIRFLOW,2
LINKEDIN,2
知乎,2
同学,2
精准,2
函数库,2
感,2
看待,2
JQUERYLZEPTO,2
GULP,2
块,2
APPLICANT,2
NONSQL,2
按规定,2
RESTFUL4,2
存档,2
留学,2
快,2
纠结,2
EMACS,2
常见问题,2
网络故障,2
容量,2
KEEPALIVED,2
热心,2
自控,2
多机,2
多卡,2
数据交换,2
门槛,2
学术论文,2
取得,2
TENSOR,2
GPU,2
RDMA,2
频道,2
形态,2
它们,2
除重,2
媒体,2
之类,2
名校,2
办理,2
医保,2
顿,2
LINIX,2
自驱,2
DOJO,2
课堂,2
服务化,2
意向,2
计算环境,2
RS232,2
MODBUS,2
BACNET,2
兄弟,2
代发,2
下来,2
即到,2
坂田五,2
大道北,2
华强,2
方特,2
TITLE,2
DESCRIPTIONPYTHON,2
STEALTH,2
MODE,2
CAPABLE,2
HITTING,2
GROUND,2
DON,2
DID,2
YESTERDAY,2
TWENTY,2
AGO,2
ITS,2
JUST,2
IMPORTANT,2
CAN,2
CHALLENGING,2
JOIN,2
US,2
EXCITING,2
DIRECTLY,2
CLIENTS,2
RESTRICTIONSTELECOMMUTING,2
OKNO,2
AGENCIES,2
PLEASEREQUIREMENTSMINIMUM,2
FUNDAMENTALS,2
OAUTH2,2
COMFORTABLE,2
TENSORFLOWNUMPY,2
保障部门,2
应变能力,2
疾病,2
局部,2
DNSPOD,2
化运维,2
爱岗敬业,2
交易所,2
博士,2
JAVASSH,2
列式,2
时序,2
IPMI,2
食宿,2
松山湖,2
通信接口,2
薪起,2
补,2
KPI,2
OKR,2
楼下,2
人脸,2
起草,2
JSP,2
系统实施,2
期货交易,2
理工类,2
耐性,2
鉴权,2
短期,2
突发事件,2
SELENUIM,2
反编译,2
师,2
LARAVAL,2
SYMFONY,2
THINKPHP,2
打点,2
过较,2
JAVASCRIPT3,2
DIANGO4,2
VTK,2
横向,2
报酬,2
番禺区,2
新造,2
镇,2
海景,2
奥金斯柏,2
工业园,2
办公楼,2
五楼,2
张,2
蒋,2
QUANXINMEDICAL,2
MYSQL6,2
隶属,2
再次,2
提醒,2
接受者,2
请慎,2
SCALING,2
URLLIB2,2
JS5,2
P5,2
深,2
KERAS,2
图谱,2
ROLE,2
SEEKING,2
FINANCE,2
WITHFOCUS,2
ADAPT,2
SKILL,2
ESPECIALLY,2
PRESSURE,2
POSSESS,2
MATHEMATICS,2
RELEVANTANALYTICAL,2
WHY,2
PATTERNSHOULD,2
USED,2
TESTING,2
TESTS,2
MOCKING,2
PATCHINGDESIRED,2
CREDIT,2
MARKET,2
IFRS9,2
GLOBAL,2
CONTINUES,2
设备设计,2
LABVEIW,2
偏重于,2
实体,2
电子设备,2
JBOD,2
FIRMWARE,2
DRIVER,2
测试项目,2
RHEL,2
SCSI,2
SPEC,2
SG3,2
UTILS,2
ENCLOSURE,2
MINICOM,2
FIO,2
SSD,2
IPMITOOL,2
制订,2
朝阳区,2
申请,2
列,2
充分考虑,2
办公设备,2
稳重,2
数据源,2
打包,2
JAVASCIPT,2
SYBASE,2
新入,2
职,2
事项,2
CET6,2
编译器,2
盛夏,2
整层,2
靠近,2
广兰路,2
分布式服务,2
ELISTICSEARCH,2
敏锐地,2
超赞,2
MBAAS,2
始终,2
践行,2
科学规范,2
严格执行,2
STYLE,2
ENFORCEMENT,2
充足,2
栈为,2
CONFLUENCE,2
WIKI,2
SLACK,2
GMAIL,2
编写程序,2
DAL,2
ANTI,2
NETWORKING,2
贯彻实施,2
核心成员,2
库及,2
大型软件,2
VISA,2
IVI,2
测试者,2
VB,2
详案,2
API3,2
教育学,2
活泼开朗,2
孩子,2
H,2
FAMA,2
BRINSON,2
取过,2
REDHAT,2
偶发性,2
趋势,2
数据传输,2
＞,2
基因,2
RESPONSIBILITY1,2
诊断,2
装载,2
新知,2
OTHERS,2
PTA,2
PACTERA,2
培训资料,2
第二次,2
UNITY3D,2
PROTOBUF,2
SEVER,2
独自,2
查阅,2
关键词,2
OPENSOURCE,2
之少,2
保证数据,2
挂招,2
备份,2
合并,2
国,2
性别,2
东西,2
密切合作,2
采取,2
以岗定资,2
以能,2
定级,2
以绩,2
定奖,2
管理制度,2
食堂,2
工龄,2
审视,2
攻击,2
防御,2
JAV,2
OSD,2
检查,2
同组,2
SWIFT,2
临近,2
打球,2
娱乐活动,2
关系融洽,2
打车,2
全勤,2
点餐,2
珠江,2
新城,2
平方,2
大纲,2
保持良好,2
服务器软件,2
计算机程序,2
策略性,2
SCRAPYPYSPIDERSELENIUM,2
签订,2
劳动合同,2
极具,2
大多,2
开展,2
业余,2
身心健康,2
个人奖,2
需对,2
寄语,2
庸人,2
本次,2
落脚,2
地为,2
前提条件,2
为此,2
抱,2
一部分,2
足以,2
交互式,2
捆绑,2
使得,2
自已,2
生命,2
掌舵者,2
所作,2
贡献度,2
配有,2
高额,2
红股,2
海纳百川,2
金石,2
精诚,2
那些,2
开拓,2
充分准备,2
共事,2
龙兴,2
CSDMD,2
联系地址,2
东莞市,2
南,2
城区,2
黄金,2
A1,2
传真,2
周先生,2
电邮,2
LXTZZP,2
收到,2
欢迎您,2
南城,2
访问量,2
性格特征,2
但是,2
价值观,2
端正,2
队长,2
爹,2
智商,2
自信,2
优劣,2
真正,2
别人,2
人家,2
认真思考,2
看起来,2
一条,2
一票否决权,2
暴力,2
思维习惯,2
DEADLINE,2
字符串,2
增删,2
改查,2
会后,2
要会,2
表格,2
表单,2
双休日,2
沙龙,2
党支部,2
运动会,2
冰箱,2
热饭,2
放假,2
餐,2
黄埔区,2
科汇,2
一街,2
AUTOSOLAN,2
手机软件,2
应该,2
冗灾,2
覆盖度,2
运转,2
撑握,2
状况,2
排故,2
维护者,2
入侵,2
安全措施,2
八卦岭,2
大小,2
梅林,2
关,2
为代,2
寻求,2
别墅,2
吗,2
高富帅,2
路上,2
狂奔,2
守护,2
先来点,2
义不容辞,2
关心,2
困困,2
哒,2
限量供应,2
珍视,2
小小的,2
趣,2
最靠,2
全文检索,2
预览,2
故障诊断,2
认真仔细,2
推理,2
事业心,2
声音,2
自然,2
封装,2
B2B,2
金融保险,2
栈有,2
FREEBSD,2
软件缺陷,2
处理结果,2
主,2
三餐,2
CLOUDSATCK,2
民航,2
搬,2
顺义,2
后沙峪,2
全方位,2
购书,2
职业技能,2
JEESEEN,2
越秀区,2
先烈,2
号穗丰,2
A座,2
区庄,2
合适,2
打扰,2
一概,2
接待,2
唱歌,2
真人,2
野外,2
系统化,2
正规化,2
管理者,2
职能部门,2
下辖,2
合资,2
光瑾丰,2
普瑾,2
特及,2
光瑾,2
丰等,2
分支机构,2
长三角,2
内陆地区,2
外包,2
涉足,2
鞋类,2
日用,2
化妆品,2
终端,2
智能家居,2
横跨,2
一号,2
店,2
苏宁,2
托管,2
零售额,2
坐席,2
静安区,2
嘉定区,2
湖北,2
哈尔滨,2
全国,2
股份,2
转让,2
BSP,2
传播,2
分公司,2
副总经理,2
股东,2
提成,2
图形图像,2
MOTIVATED,2
PASSIONATE,2
QUALITY2,2
EAGER,2
PRACTICE,2
TECHNOLOGY3,2
POSITIVE,2
ATTITUDE4,2
ABILITY5,2
SPOKENEXPERIENCE,2
SYSTEM2,2
NETWORK,2
PROTOCOLS,2
UDP3,2
LANGUAGES,2
PERL4,2
GITEXPERIENCE,2
MICROSERVICE2,2
RECRUIT,2
官方网站,2
WEIBO,2
使用者,2
愿望,2
行动,2
肯干,2
一阶,2
二阶,2
三阶,2
四阶,2
JS6,2
顺利,2
学习态度,2
PECAN,2
KEYSTONE,2
CEILOMETER,2
HEAT,2
GOVERNANCE,2
完美,2
偏执,2
领悟力,2
渴望,2
筛选,2
无需,2
休息时间,2
婚,2
佳节,2
派发,2
增添,2
气氛,2
过生日,2
以表,2
祝福,2
休息室,2
饮水机,2
地理位置,2
口及,2
公交站,2
倾听,2
新生,2
力,2
到来,2
告警,2
QEMU,2
包者,2
ES,2
课程内容,2
课件,2
答疑,2
用书,2
内训,2
大学专科,2
严重,2
南大街,2
光大,2
国信,2
距离,2
魏公村,2
米,2
给定,2
勇于创新,2
子公司,2
MESSAGEQUEUE,2
SELNIUM,2
APPIUM,2
DOCKERSWARM,2
分析师,2
数据服务,2
善,2
口语,2
朝九晚五,2
即,2
工商网,2
企,2
查查,2
启信宝,2
滑块,2
几个,2
预定,2
WORD,2
工资待遇,2
试用期,2
起,2
工会,2
多次,2
多样,2
文体,2
属,2
明显,2
JQUERY4,2
VALUE,2
NASL,2
NSE,2
歪,2
果仁,2
缩短,2
量锐,2
数据业务,2
着眼于,2
之前,2
分别,2
LAB,2
MSCI,2
标普,2
P,2
一名,2
高于,2
市场行情,2
切磋,2
夸,2
老板,2
征信,2
学籍,2
物流,2
认同感,2
校园,2
短,2
VOID,2
虹口区,2
吴淞,2
号耀江,2
ZOPE,2
何种,2
FEAT,2
主站,2
海珠区,2
昌岗,2
金盛,2
REALPORE,2
认证,2
交叉,2
较为,2
JBOSS,2
WEBLOGIC,2
心思,2
细腻,2
话题,2
花桥,2
爱好者,2
亮点,2
八险,2
绿卡,2
买车,2
同等待遇,2
淘宝,2
SINA,2
实践者,2
EDX,2
SMARTY,2
本质属性,2
属性数据,2
据此,2
概率论,2
偏向,2
KV,2
过高,2
DEVPOS,2
实验员,2
二本,2
BRIDGE,2
VXLAN,2
分离,2
咖,2
就是,2
理工,2
时可带,2
以后,2
简明,2
复杂度,2
回溯,2
数组,2
链表,2
树,2
尊重,2
MACBOOK,2
IMAC2,2
薪外,2
多劳多得,2
MYSQL2,2
精益求精,2
CLOUDSTACK2,2
MONGODB3,2
Ｏ,2
DOO,2
粤语,2
间通信,2
复用,2
准时,2
既定,2
GREENPLUM,2
ODOOODOO,2
影视,2
CG,2
MAYAAPI,2
PYTHONG,2
熟识,2
MSSQL2,2
猎芯,2
优异者,2
职级,2
定,2
研究性,2
DJANGO5,2
计划性,2
服从安排,2
数模,2
新兴,2
SUPERVISORD,2
外文,2
查找,2
严苛,2
市场推广,2
FACEBOOK,2
客户端程序,2
选项,2
解释,2
最大化,2
认可,2
ZEN,2
系统性,2
乐易,2
精品,2
世界级,2
原,2
技术骨干,2
飞速发展,2
首,2
营收,2
已获,2
A轮,2
融资,2
估值,2
亿,2
导师制,2
导师,2
助,2
高达,2
事假,2
无限量,2
楼宇,2
README,2
MD,2
SUNYUE,2
SIZA,2
约束力,2
TRNADO,2
悬赏,2
PYTHONER,2
壮大,2
所以,2
身怀六甲,2
学富五车,2
搞,2
激进,2
妹子,2
入,2
MESOS,2
美感,2
孜孜不倦,2
QUASAR,2
传感器,2
RFID,2
输入,2
异构,2
集,2
投身,2
式调度,2
多维分析,2
分词,2
VC,2
亮,2
瞎眼,2
全过程,2
临时性,2
一金外,2
效力,2
发送,2
足疗,2
次足疗,2
观看,2
赠送,2
优惠,2
回归自然,2
游泳,2
悟商,2
道德经,2
平面设计,2
呈现,2
＋,2
一档,2
特殊,2
日期,2
喜庆,2
登山,2
全为,2
高品质,2
海洋,2
富士,2
担任,2
DJANGOCELERY,2
THRIFT,2
性与解,2
耦有,2
博雅,2
检索,2
OWASP,2
防范,2
注入,2
XSS,2
管理机制,2
体制,2
看护,2
团体活动,2
季度,2
球赛,2
更多更好,2
轻松自由,2
PYQUERY,2
男子,2
篮球比赛,2
女子,2
比赛,2
意在,2
锻炼,2
身体素质,2
元宵,2
端午,2
国庆,2
五一,2
PARTY,2
唱,2
周年,2
抽奖,2
神秘,2
礼盒,2
新年,2
开工,2
利,2
衔接,2
身份证,2
毕业证,2
证书,2
复印件,2
原件,2
前往,2
乘车,2
庄路,2
广州东站,2
J,2
公交站点,2
春晖,2
苑,2
瘦狗岭,2
广园,2
路口,2
东,2
人事部,2
信号,2
JPLCGHS,2
变得,2
出能,2
运行状况,2
NETCONF,2
高且,2
DECORATOR,2
锁,2
PROXY,2
几,2
搜索算法,2
路径,2
影响力,2
留存,2
同类产品,2
名列前茅,2
日近,2
仍,2
倍,2
随之而来,2
逐步,2
展开,2
地域,2
差别,2
用户数,2
更大,2
相互促进,2
提示,2
专情,2
谨慎,2
词库,2
皮肤,2
二次,2
运维及,2
翻译,2
组员,2
款,2
投顾,2
三方,2
溢价,2
专才,2
崇尚,2
民主,2
充分发挥,2
数理,2
ELATICSEARCH,2
概括,2
挖掘出,2
放开,2
员,2
紧密配合,2
初期,2
提纯,2
进化,2
闸北区,2
恒丰路,2
恒汇,2
垃圾,2
整体规划,2
修正,2
各种类型,2
狂热,2
会用,2
DESCRIPTIONTHIS,2
OPENING,2
SEMICONDUCTOR,2
CHIP,2
VALIDATION,2
DYNAMIC,2
TECHNOLOGIESDEVELOP,2
MAINTAIN,2
SCRIPTS,2
MODELSSUPPORT,2
CHINA,2
CONSIDEREDIN,2
DEPTH,2
PROGRAMMINGEXPERIENCE,2
PROGRAMMINGSTRONG,2
LARGE,2
SCALE,2
PROGRAMMINGGOOD,2
ENGLISHPREFERRED,2
PLUSFAMILIAR,2
PROGRAMING,2
WOULD,2
HELPFUL,2
集成电路,2
IC,2
小农,2
女,2
电子商务系统,2
CGI,2
FASTCGI,2
实验,2
适用,2
计算技术,2
版本升级,2
系统故障,2
成绩突出,2
基本素质,2
返回,2
银行业,2
PD,2
NP,2
JP,2
JS3,2
JS4,2
HDF,2
四者,2
保底,2
薪,2
社会,2
保障体系,2
内有,2
商业保险,2
点心,2
双线,2
线或,2
转化率,2
MEMCACH,2
耦合,2
真诚,2
BAT,2
计数器,2
DIRECTORY,2
WMI,2
实时处理,2
LXC,2
为线,2
拥抱,2
金融业务,2
TB,2
鼓掌,2
信贷,2
才能,2
合伙人,2
垂直于,2
航旅,2
已为,2
航空公司,2
OTA,2
渣打银行,2
拍拍,2
贷,2
富友,2
连连,2
汇付,2
携程,2
组成,2
航班,2
管家,2
春秋,2
西部,2
吉祥,2
首都,2
扬子江,2
扩张,2
打破,2
越虹,2
B座,2
桂林,2
异常,2
多维,2
清华,2
北大,2
北,2
NEC,2
居住证,2
吃货,2
高逼格,2
登上,2
报道,2
杂志,2
CHINATODAY,2
SOCIETY,2
ZXZGR,2
T20170703,2
详情请,2
见,2
ZK120,2
科技股份,2
BUS,2
运维工单,2
提报,2
功能完善,2
快递,2
一点,2
大加,2
ELASTICSEACH,2
FP,2
STREAMING,2
拿,2
出手,2
生态环境,2
超棒,2
扁平,2
自由发挥,2
动态数据,2
成果,2
销量,2
预估,2
直接参与,2
公关,2
热衷,2
多种不同,2
简述,2
全站,2
金融业,2
回,2
测系统,2
南山,2
科技园,2
讯,2
美,2
按期,2
游戏类,2
交易者,2
团体,2
应,2
专,2
老师,2
接送,2
亿级,2
数据量,2
提薪,2
段时间,2
休闲活动,2
百合,2
网有,2
联盟,2
婚介,2
恒大,2
房产,2
O,2
SUPERSET,2
效率高,2
具,2
保质保量,2
OOD,2
既有,2
保障系统,2
良性,2
棋牌类,2
策划师,2
BUT,2
LIMITED,2
YEAR,2
RELATED,2
DEFECT,2
TRACKING,2
LEARNER,2
DETAIL,2
LIFE,2
CYCLE,2
EXPOSURE,2
CAPITAL,2
ELECTRONIC,2
FIX,2
公司简介,2
国资,2
零部件,2
合资企业,2
汽油,2
发动机,2
变速箱,2
车身,2
混合,2
销售收入,2
厂商,2
优质产品,2
日益,2
法规,2
控制器,2
榕桥,2
开发区,2
全市,2
区域,2
连接,2
HTTPREST,2
消化,2
套,2
接字,2
RESPONSIBILITIESDEVELOPMENT,2
USING,2
PYTHONEXPAND,2
FUNCTIONALITY,2
EXISTING,2
LIBRARIESOPERATION,2
MAINTENANCEQUALIFICATIONSPYTHON,2
PROFICIENCYPYTHON,2
FRAMEWORKS,2
OPTIMIZATION,2
SQLALCHEMYAUTOMATION,2
NICE,2
HAVEPHP,2
PREFERREDMEMCACHED,2
CACHING,2
SYSTEMNOSQL,2
TECHNOLOGIESTCP,2
PRACTICESFAMILIARITY,2
供应商,2
共赢,2
电子政务,2
医疗保健,2
端到,2
OS5,2
大宗,2
现货交易,2
专题,2
形成,2
里,2
RDP,2
活泼,2
只求,2
低于,2
水准,2
承诺,2
感到,2
放到,2
度高,2
EXTENSION,2
EMBEDDED,2
如期完成,2
丰盛,2
传统节日,2
经常性,2
SPA,2
教育资源,2
学术,2
组织协调,2
深层次,2
实干,2
极其负责,2
入仓,2
主从,2
金指,2
快乐,2
乐享,2
专业化,2
五,2
春,2
秋,2
季节,2
全体,2
六,2
持有,2
公司股票,2
两到,2
本身,2
娴熟,2
敬业,2
HADOOP4,2
售中,2
技术咨询,2
生态学,2
气象学,2
农学,2
化学分析,2
社会关系,2
国外,2
温室,2
气体,2
同位素,2
国防,2
最出色,2
销售主管,2
还是,2
角色,2
工作人员,2
倍感,2
兴奋,2
那么,2
异禀,2
锐意进取,2
坚持不懈,2
勇往直前,2
施展,2
甚至,2
超乎,2
想象,2
兢兢业业,2
脚踏实地,2
无私奉献,2
恪尽职守,2
英文简历,2
PRI,2
ECO,2
初选,2
合格者,2
未,2
接电话,2
进入,2
人才库,2
时会,2
予以考虑,2
传智播,2
客,2
医疗险,2
意外险,2
健身活动,2
传智,2
父母,2
节,2
建站,2
下高,2
数下,2
跨部门,2
LISP,2
酌量,2
BEEGO,2
引进,2
实用,2
FLUENTD,2
SDK3,2
OBJECTIVE,2
其一,2
其二,2
框架结构,2
软件程序,2
配套,2
文件目录,2
开发周期,2
贡献奖,2
宽,2
ETCD,2
ECHARTS,2
系,2
OPENRESTY,2
速度,2
美地,2
电子科技,2
热点,2
高成长性,2
创业者,2
眼光,2
～,2
自测,2
提测,2
智能算法,2
HAYSTACK,2
WHOOSH,2
吸引,2
试运营,2
结束,2
成长期,2
人事,2
外企,2
亲,2
佣金,2
加盟,2
东部,2
漕河泾,2
科技园区,2
毗邻,2
人民广场,2
徐家汇,2
世纪,2
住宅区,2
就近,2
迁租,2
回应,2
JAVASCRIPT4,2
恪守,2
诚实可靠,2
面议,2
CUCUMBER,2
BDD,2
影院,2
TMS,2
诚信,2
编号,2
DSJ,2
岗,2
只有,2
想不到,2
①,2
奋力,2
向前,2
监管,2
②,2
顾家,2
回家,2
过年,2
没关系,2
③,2
远途,2
说走就走,2
占用,2
时光,2
④,2
帮,2
孤单,2
⑤,2
任性,2
好大,2
看看,2
绝对,2
哪,2
⑥,2
呢,2
从此,2
买手机,2
割,2
肾,2
⑦,2
春节,2
劳动节,2
国庆节,2
⑧,2
青年节,2
儿童节,2
万圣节,2
圣诞节,2
放过,2
⑨,2
游艺室,2
活动区,2
咖啡吧,2
说不完,2
犹豫,2
移植,2
设限,2
履历,2
研究者,2
大气,2
数值,2
NCL,2
布置,2
做五休,2
多维度,2
承接,2
绩效考核,2
研究院,2
清河,2
小营,2
瀑布,2
全局,2
观,2
QA,2
黑盒,2
JQUEY,2
AJAX.4,2
分点,2
GITHUP,2
信息化,2
考勤,2
负责管理,2
票务,2
仓储,2
MANAGING,2
FOCUS,2
ENSURING,2
RESPONSIVENESS,2
ALSO,2
BUILT,2
CO,2
WORKERS,2
NECESSARY,2
REUSABLE,2
TESTABLE,2
EFFICIENT,2
IMPLEMENTATION,2
LOW,2
LATENCY,2
AVAILABILITY,2
PERFORMANT,2
FACING,2
DEVELOPED,2
PARTICIPATES,2
ACCEPTANCE,2
DELIVERY,2
REQUIRES,2
RELEVANT,2
ADVANCED,2
BEST,2
PRACTICES,2
MINIMUM,2
LEAST,2
DEPENDING,2
SOME,2
RELATIONAL,2
MAPPER,2
SOURCES,2
DATABASES,2
LIMITATIONS,2
AUTHENTICATION,2
AUTHORIZATION,2
SERVERS,2
FUNDAMENTAL,2
BEHIND,2
SCALABLE,2
EVENT,2
DATABASE,2
SCHEMAS,2
REPRESENT,2
PROCESSES,2
DEBUGGING,2
VERSIONING,2
MERCURIAL,2
READ,2
FLUENTLY,2
SIMPLE,2
课时,2
教学内容,2
解答,2
储备,2
普通话,2
口齿清晰,2
吐字,2
近乎,2
苛刻,2
三遍,2
定居,2
们,2
实习期,2
工具集,2
军事,2
涉猎,2
高新技术,2
承研,2
承制,2
十,2
荣誉,2
多家,2
军工,2
经过,2
十多年,2
知识产权,2
吸纳,2
十年,2
人才培养,2
借鉴,2
管理模式,2
勤奋好学,2
双通道,2
独当一面,2
才,2
另,2
无效,2
建设路,2
百花,2
万乘,2
通科技,2
联系方式,2
黄浦区,2
近两年,2
选加,2
产品线,2
就业辅导,2
公开课,2
宣讲,2
BOOSTRAP7,2
HTTPS,2
数据报表,2
SEARCH,2
REDIS4,2
REQUIREMENT,2
GAP,2
IDENTIFY,2
DEFINE,2
CASES,2
SCREEN,2
PUT,2
FORM,2
STORIES,2
SPECIFICATION,2
DOCUMENTS,2
FINANCIAL,2
CONSULTING,2
DEPARTMENTS,2
RULE,2
MACROS,2
AUTOMATION,2
TASKS,2
ENSURE,2
UPDATED,2
CURRENT,2
CONFIGURATION,2
ACTING,2
SUBJECT,2
MATTER,2
COORDINATE,2
TRAINING,2
REGARDING,2
SUPPORTED,2
MACRO,2
ONSHORE,2
SITTING,2
DIFFERENT,2
LOCATIONS,2
WHILE,2
VARIOUS,2
PROJECTSSKILLS,2
MIS,2
ACROSS,2
COMPANY,2
NATIONALLY,2
HAS,2
APTITUDE,2
NUMBERS,2
SHOULD,2
CURIOUS,2
EXPLORE,2
METHODS,2
TECHNIQUES,2
CREATIVE,2
NEEDED,2
IMPORTANTEDUCATION,2
PRIOR,2
字典,2
济南,2
属于,2
剧院,2
总行,2
福田,2
金融中心,2
MOGODB,2
LMS,2
CAT,2
同等学历,2
SQLALCHEMY5,2
倡导,2
坚持,2
小伙伴,2
平米,2
复式,2
一层,2
办公区,2
二层,2
酒吧,2
休息区,2
超级,2
露台,2
阳光灿烂,2
欢声笑语,2
过来,2
聊聊,2
驴友,2
潮牌,2
藏式,2
佛珠,2
以驴友,2
形式,2
急招,2
符合条件者,2
预约,2
简化,2
配置文件,2
税务,2
条理性,2
后处理,2
PYTHON2.7,2
网管,2
开发阶段,2
EVENTLET,2
COUCHBASE,2
长寿路,2
余年,2
市中心,2
讲授,2
树莓,2
派,2
JDK,2
FASTDFS,2
GFS,2
宏图大志,2
优雅,2
真诚地,2
怀着,2
少女,2
擦身而过,2
内容分析,2
狂欢,2
压,2
太快,2
请系,2
安全带,2
百,2
以来,2
植根于,2
诸多,2
知名企业,2
精,2
N,2
英,2
透透气,2
标配,2
快上车,2
EASY,2
呵护,2
自由支配,2
沿线,2
迟到,2
吃吃喝喝,2
肉,2
攒,2
餐餐,2
嗨,2
皮,2
买单,2
好好,2
好玩,2
评优,2
红包,2
尾牙,2
花样,2
变,2
走,2
炼就,2
无坚不摧,2
友谊,2
一秒,2
变傲,2
娇,2
追踪,2
品味,2
人体,2
几何,2
加速,2
CUDA,2
从业者,2
全年,2
万左右,2
月度,2
工资总额,2
慰问品,2
差旅费,2
差旅,2
招待费,2
量身,2
职业装,2
运动装,2
篮球场,2
乒乓球室,2
壁球,2
业余活动,2
LNIX,2
赋能,2
大屏,2
自定义,2
软件架构,2
自驱力,2
小型,2
助理,2
POSTGRE,2
共性,2
减少,2
重复,2
欺诈,2
因为,2
大多数,2
同等,2
专项,2
标杆,2
高速成长,2
广泛,2
O2O,2
幸运,2
西直门,2
地标,2
建筑,2
雾,2
霾,2
看见,2
西山,2
落日,2
哗啦啦,2
HUALALA,2
感受,2
PIP,2
产品安全,2
绕过,2
全新,2
最具,2
创新性,2
南山区,2
滨海,2
软件产业,2
基地,2
D座,2
CHENG,2
CH,2
NEUSOFT,2
拨打,2
SQLALCHEMY6,2
专研,2
同行业,2
较具,2
工资水平,2
公,2
休假日,2
过节费,2
床,2
子系统,2
行业软件,2
番禺,2
运营商,2
核查,2
薪水,2
服务质量,2
运维小,2
工具化,2
产品化,2
VSWITCH,2
G,2
MICROSERVICES,2
如有,2
SHELL2,2
兼顾,2
参考,2
展现,2
图表,2
采购,2
分销,2
保驾护航,2
充裕,2
千平方米,2
休闲吧,2
一应俱全,2
主机,2
链路,2
发烧友,2
过除,2
SQLSEVER,2
互金,2
PYHTON,2
URLIB,2
HTTPIE,2
题库,2
生产工具,2
熟悉业务,2
预警,2
交换,2
财务软件,2
英语水平,2
在校,2
学信,2
网可查,2
核算,2
C2C,2
数额,2
缺牛人,2
真牛,2
真本事,2
尽管,2
提,2
仅供参考,2
只是,2
生存,2
根本,2
事儿,2
卓巨,2
就算,2
这儿,2
位置,2
读书,2
站网,2
购物,2
品,2
自用,2
送,2
人均,2
亲友,2
当天,2
同月,2
合在一起,2
庆生,2
饮食,2
因材施教,2
精心培养,2
德能,2
勤绩,2
廉,2
优者,2
宽敞,2
秀美,2
窗外,2
绿树,2
掩映,2
空中,2
晚,2
忙碌,2
节奏快,2
严要求,2
胜任,2
包吃,2
住,2
食宿自理,2
条款,2
私自,2
他人,2
损公肥私,2
收入,2
来源,2
申报,2
利益冲突,2
离职,2
之后,2
目的,2
辞退,2
索偿,2
追究,2
法律责任,2
予以,2
打击,2
惩戒,2
公开,2
公示,2
EBAY,2
WISH,2
速卖通,2
LAZADA,2
品类,2
平板,2
电子产品,2
工具软件,2
SOLDEAZY,2
大批量,2
通途,2
DATACACIQUES,2
DC,2
酋长,2
TERAPEAK,2
补货,2
精灵,2
一致,2
箴言,2
允许,2
事要,2
办法,2
搞定,2
缺乏,2
平庸,2
挑三拣四,2
苹果公司,2
原因,2
常常,2
幸运地,2
早就,2
一条线,2
MAVERON,2
信条,2
许多,2
无法,2
付出代价,2
勇敢,2
牺牲,2
安逸,2
美国作家,2
变革,2
停滞不前,2
当下,2
死无葬身之地,2
SPAGO,2
餐厅,2
真挚,2
事,2
其他人,2
MICROSOFT,2
命运,2
栽种,2
英国,2
作家,2
代表,2
大公无私,2
坚忍不拔,2
首席,2
执行官,2
别,2
着重,2
权术,2
手上,2
百事公司,2
某些,2
蓝牙,2
如能,2
优加,2
候选人,2
金闻路,2
五宁路,2
IMAGO,2
健壮性,2
预案,2
OVERFLOW,2
模糊,2
专职,2
框,2
投研及,2
实盘,2
数据格式,2
AGENT,2
必需,2
东城区,2
东四,2
西大街,2
承压,2
CSSJAVASCRIPTJSONXML,2
保障线,2
疑难杂症,2
云如,2
ITIL,2
殷泊,2
嘉兴,2
源于,2
扎根,2
从而,2
快捷,2
数字化,2
转型,2
融合,2
FOUNDRY,2
OPENSHIFT,2
满足用户,2
演变,2
多元,2
策划案,2
过往,2
过云,2
LIUNX,2
WEB2PY,2
ECS,2
RDS,2
MAXCOMPUTE,2
DATAV,2
BO,2
COGNOS,2
BIEE,2
SSAS,2
SSIS,2
QLIKVIEW,2
罗湖区,2
深南,2
商务中心,2
APACH,2
铁路信号,2
控制工程,2
服从,2
CDH,2
高校,2
UINIX,2
熟知,2
读懂,2
出境,2
轰,2
参于,2
MS,2
接收,2
REPTILE,2
TYPESCRIPT,2
定价,2
常写,2
叫,2
反演,2
灾害,2
监测,2
农业遥感,2
成都,2
抓,2
事宜,2
财经,2
SSG,2
流转,2
广告业务,2
理科,2
精力,2
原始,2
PYTHON4,2
SKYNET,2
当现,2
ANACONDA,2
变化,2
带来,2
语档,2
云及,2
简介,2
创立,2
美国硅谷,2
MAKER,2
孵化,2
最酷,2
炫,2
企业家,2
早期,2
机锋,2
网,2
谈毅,2
发起,2
先后,2
真格,2
第一季度,2
OS,2
源自,2
ZEPHYR,2
WI,2
FI,2
磁力,2
智连,2
开发板,2
套件,2
伴随,2
推出,2
NATIVE,2
STORE,2
RN,2
家庭,2
极大,2
消费者,2
难度,2
单纯,2
传达,2
IOT,2
人类,2
深远影响,2
极富,2
胸怀,2
基准,2
商户,2
政府,2
遍布,2
累,2
喝,2
两杯,2
水吧,2
烈酒,2
替,2
解忧,2
欢快,2
吃,2
一下,2
会儿,2
跑步机,2
飞镖,2
一样,2
爱玩,2
用户手册,2
交给,2
K8S,2
交大,2
C座,2
DO,2
MEET,2
GOALS,2
CLOSELY,2
UX,2
DESIGNERS,2
ARTISTS,2
REFINE,2
GETTING,2
PROCESSING,2
STORING,2
VISUAL,2
REPRESENTATION,2
MEMORY,2
SPEED,2
GENERALIZED,2
FUNCTIONALITIES,2
С,2
ROBUST,2
GAMEPLAY,2
SEVERAL,2
REPORTING,2
LEAD,2
GAMES,2
WESTERN,2
MOBILE,2
FLUENT,2
MANDARIN,2
ENGLISHDESIRABLE,2
ARCHITECTURAL,2
VIPER,2
MVVM,2
VICE,2
VERSA,2
PASSING,2
CONTACTING,2
AUTOMATED,2
程序模块,2
SUBVERSION,2
申请人,2
被,2
商业软件,2
信息学,2
MONOGODB,2
互联网安全,2
五年,2
IM,2
守信,2
点至,2
产育,2
单身,2
发祥地,2
万科,2
VMO,2
园区,2
芦恒路,2
旁,2
HOOCA,2
产品部,2
文章,2
值得,2
信赖,2
LOG,2
短时间,2
内上,2
FEATURE,2
分支,2
LESS,2
REQUIREJS,2
BACKBONE,2
下面,2
两项,2
追求进步,2
得到,2
STL,2
忠诚,2
赴,2
外商独资,2
轨道交通,2
领导者,2
遍及,2
亚洲,2
台北,2
高雄,2
曼谷,2
现,2
条,2
北四环,2
轨道,2
指挥,2
明朗,2
表彰,2
在职,2
内外部,2
转职,2
横向发展,2
福利制度,2
车补,2
无缝,2
尽可能,2
试衣,2
DEVELOPERLOCATION,2
SHANGHAIBLACKBOARD,2
HELPS,2
SHAPE,2
TRANSFORM,2
CONTINUALLY,2
BETTER,2
ENABLE,2
EDUCATORS,2
PARENTS,2
LEARNERS,2
TYPES,2
TEACH,2
CONNECT,2
COMMUNICATE,2
WHENEVER,2
WANT,2
WHEREVER,2
PARTNER,2
EDUCATIONAL,2
GLOBALLY,2
HIGHER,2
OUTSIDE,2
CLASSROOM,2
FACILITATING,2
ENABLING,2
STRONGER,2
ENHANCING,2
SUPPORTING,2
SAFETY,2
SUCCESS,2
EFFECTIVENESS,2
MOST,2
IMPORTANTLY,2
EVERY,2
ACHIEVE,2
POTENTIAL,2
THROUGH,2
LIFELONG,2
RESPONSIBILITIESTHIS,2
OPPORTUNITY,2
BLACKBOARD,2
NOTIFICATION,2
SENDING,2
UHURA,2
EXPERIENCE1,2
BRING,2
EVERYTHING,2
KNOW,2
DEMONSTRATE,2
EXPERTISE,2
CONCEPT,2
CODE.2,2
BECOME,2
MEMBER,2
PARTICIPATE,2
DAILY,2
STAND,2
UPS,2
SESSIONS,2
SPRINT,2
DEMOS.3,2
EMBRACE,2
DELIVER,2
DEVELOPER.4,2
WILLING,2
RESPOND,2
UNIQUE,2
CHALLENGES,2
MAINTAINING,2
TROUBLESHOOTING,2
PRODUCTION,2
MINIMIZING,2
DOWNTIME,2
RESPONDING,2
REPORTED,2
ISSUES,2
QUALIFICATIONSTHE,2
APPLICATIONS2,2
NON,2
DATABASES4,2
SKILLS5,2
GREAT,2
SKILLS6,2
TESTS7,2
ENGINEERS,2
CROSS,2
PROJECTS.8,2
ENGLISHHIGHLY,2
VALUED,2
ADDITIONAL,2
DESIGNED,2
CONTAIN,2
COMPREHENSIVE,2
LISTING,2
NOTHING,2
RESTRICTS,2
MANAGEMENT,2
RIGHT,2
REASSIGN,2
ANY,2
TIME,2
增值,2
金山,2
各位,2
相约,2
周六,2
建,2
科迅,2
楼见,2
JOBS,2
JOINWPS,2
邮件,2
WPSHR,2
KINGSOFT,2
当爱,2
诗歌,2
食物,2
三者,2
一时,2
美好,2
开始,2
十四行诗,2
美学,2
界定,2
起来,2
行走,2
概述,2
FLASK4,2
RABBITMQ7,2
存储模块,2
侦测,2
保护,2
访问控制,2
持久,2
事件,2
资产,2
JSONRPC,2
沉稳,2
口头,2
书面,2
运维者,2
WHO,2
AUTOMATE,2
OMNITURE,2
PLATFORM,2
PREFERRED,2
PHYTHON,2
ANALYTICS,2
PREFERABLE,2
PRIORITY,2
MARKED,2
ABOVE,2
EXPRESSION,2
GENERAL,2
SITECATALYST,2
OMINITURE,2
AUTOMATING,2
STREAM,2
DOWNLOAD,2
OUTPUT,2
聪明,2
前台,2
EXT,2
富通云,2
全额,2
DB23,2
本科专业,2
合富,2
蓬勃发展,2
创,2
茁壮,2
创设,2
合规,2
合格,2
专岗,2
人员培训,2
引介,2
生命周期,2
服务体系,2
化繁为简,2
聚焦,2
产业,2
注册,2
资本金,2
海通,2
海富通,2
思高方达,2
汇丰,2
麦格理,2
深谙,2
曾,2
万亿,2
资管,2
千亿,2
公募,2
海内外,2
千家,2
起步,2
细分,2
口碑,2
环间,2
意向者,2
字样,2
改,2
重难点,2
语,2
言,2
KOA,2
集合,2
放心,2
全员,2
打拼,2
愉悦,2
高昂,2
增进,2
伴们,2
友情,2
扁平化,2
无极限,2
SSDB,2
FDFS,2
TFS,2
FFMPEG,2
OPENSIPS,2
网络电话,2
穿透,2
突破,2
专利申请,2
NONBLOCKING,2
格式,2
PYUNIT,2
PYLINT,2
分析方法,2
压缩算法,2
AVRO,2
PROTOCOLBUFFER,2
SNAPPY,2
MESSAGEPACK,2
YRAN,2
OLAP,2
COUCHDB,2
SCRUM,2
XP,2
NETIS,2
平等,2
舒畅,2
健全,2
人身,2
第,2
期限,2
更会,2
意外,2
ATOIMC,2
CAS,2
SPINLOCK,2
NUMA,2
技术储备,2
决定,2
系统日志,2
请贴,2
大赛,2
获奖,2
CK,2
GFW,2
户外活动,2
LBS,2
付诸行动,2
头脑,2
风暴,2
用到,2
大学教授,2
遗传病,2
PCR,2
IPYTHON,2
JUPYTER,2
锦上添花,2
修过,2
概率,2
基本常识,2
循环,2
张江,2
张衡,2
弄,2
满足要求,2
抗,2
结,2
GITSVN,2
REDISMEMCACHEDMONGODB,2
系统配置,2
CFENGINEPUPPETCHEFSALTSTACK,2
VMWAREDOCKER,2
VN,2
优矿,2
RQALPHA,2
加微信,2
详聊,2
GWAILEE,2
数据表,2
易于,2
休闲游戏,2
特色,2
透明,2
资历,2
SPRINGMVC,2
MYBATIS,2
HIBERNAT,2
J2EE,2
按计划,2
改错,2
现正,2
时期,2
皆,2
打下,2
坚实基础,2
数策,2
高科技,2
罗兰贝,2
格,2
SAP,2
SAS,2
CLOUDERA,2
咨询服务,2
集结,2
高学历,2
高智商,2
愿景,2
智造,2
相称,2
个人简历,2
邮寄,2
RESUME,2
MATHARTSYS,2
商业智能,2
期货,2
品种,2
造,2
无线,2
数据通讯,2
错开,2
五十万,2
信息科学,2
三项,2
论文,2
POSTGRESQL5,2
正面,2
挂钩,2
基数,2
为准,2
乘以,2
系数,2
万,2
相当于,2
附加,2
雇员,2
金风,2
流程图,2
框图,2
发展趋势,2
总体规划,2
FLASH,2
侧重,2
CHANNELS,2
WEBSOCK,2
MONGODB6,2
CELLERY,2
成功率,2
图像增强,2
色彩,2
边缘,2
分割,2
形态学,2
字符,2
底纹,2
抑制,2
二值化,2
字符识别,2
分类器,2
男,2
女不限,2
视觉系,2
研究所,2
互相,2
一道,2
样本,2
操作电脑,2
切,2
字,2
段,2
南通,2
光学,2
切图,2
金蝶,2
总体设计,2
验收,2
周岁,2
听说读写,2
规范性,2
它,2
信息流,2
源,2
局限,2
片段,2
电信,2
SED,2
VI,2
编辑器,2
LINUXX,2
PING,2
FTP,2
REMSH,2
RCP,2
MAIL,2
SQLPLUS,2
EXP,2
IMP,2
插入,2
DUBBO,2
SALT,2
程序处理,2
必备,2
容错,2
容灾,2
复制,2
组织系统,2
CENTOS3,2
GIT6,2
TRAC,2
集中,2
CVS,2
